{
  "hash": "e2d0bf3f",
  "configHash": "bdd83dce",
  "lockfileHash": "2c4e05bc",
  "browserHash": "0083d97b",
  "optimized": {
    "@angular/core": {
      "src": "../../../../../node_modules/@angular/core/fesm2022/core.mjs",
      "file": "@angular_core.js",
      "fileHash": "25112d75",
      "needsInterop": false
    },
    "@angular/platform-browser": {
      "src": "../../../../../node_modules/@angular/platform-browser/fesm2022/platform-browser.mjs",
      "file": "@angular_platform-browser.js",
      "fileHash": "2c313f60",
      "needsInterop": false
    },
    "@angular/router": {
      "src": "../../../../../node_modules/@angular/router/fesm2022/router.mjs",
      "file": "@angular_router.js",
      "fileHash": "28b1b9f5",
      "needsInterop": false
    },
    "@angular/common/http": {
      "src": "../../../../../node_modules/@angular/common/fesm2022/http.mjs",
      "file": "@angular_common_http.js",
      "fileHash": "2bfedeb2",
      "needsInterop": false
    },
    "rxjs": {
      "src": "../../../../../node_modules/rxjs/dist/esm5/index.js",
      "file": "rxjs.js",
      "fileHash": "5ee5454f",
      "needsInterop": false
    }
  },
  "chunks": {
    "chunk-U6A2HLKU": {
      "file": "chunk-U6A2HLKU.js"
    },
    "chunk-7B4VHRWB": {
      "file": "chunk-7B4VHRWB.js"
    },
    "chunk-MZ4YLI6P": {
      "file": "chunk-MZ4YLI6P.js"
    },
    "chunk-SXIXOCJ4": {
      "file": "chunk-SXIXOCJ4.js"
    }
  }
}